ticker,status,rows,train_rows,test_rows,accuracy,prec_default,precision,size_mb,date_start,date_end,error,reason
RELIANCE.NS,SKIPPED,,,,,,,3.6,,,,already trained
TCS.NS,SKIPPED,,,,,,,2.8,,,,already trained
HDFCBANK.NS,SKIPPED,,,,,,,3.3,,,,already trained
INFY.NS,SKIPPED,,,,,,,3.2,,,,already trained
ICICIBANK.NS,SKIPPED,,,,,,,2.9,,,,already trained
HINDUNILVR.NS,SKIPPED,,,,,,,3.3,,,,already trained
ITC.NS,SKIPPED,,,,,,,3.5,,,,already trained
SBIN.NS,SKIPPED,,,,,,,3.6,,,,already trained
BHARTIARTL.NS,SKIPPED,,,,,,,2.9,,,,already trained
KOTAKBANK.NS,SKIPPED,,,,,,,2.9,,,,already trained
LT.NS,SKIPPED,,,,,,,2.8,,,,already trained
AXISBANK.NS,SKIPPED,,,,,,,3.0,,,,already trained
ASIANPAINT.NS,SKIPPED,,,,,,,2.8,,,,already trained
MARUTI.NS,SKIPPED,,,,,,,2.5,,,,already trained
TITAN.NS,SKIPPED,,,,,,,3.6,,,,already trained
SUNPHARMA.NS,SKIPPED,,,,,,,3.3,,,,already trained
BAJFINANCE.NS,SKIPPED,,,,,,,2.9,,,,already trained
WIPRO.NS,SKIPPED,,,,,,,3.2,,,,already trained
ULTRACEMCO.NS,SKIPPED,,,,,,,2.7,,,,already trained
ONGC.NS,SKIPPED,,,,,,,3.2,,,,already trained
NTPC.NS,SKIPPED,,,,,,,2.7,,,,already trained
JSWSTEEL.NS,SKIPPED,,,,,,,2.6,,,,already trained
POWERGRID.NS,SKIPPED,,,,,,,2.4,,,,already trained
M&M.NS,SKIPPED,,,,,,,3.5,,,,already trained
ADANIENT.NS,SKIPPED,,,,,,,3.0,,,,already trained
ADANIPORTS.NS,SKIPPED,,,,,,,2.2,,,,already trained
TATASTEEL.NS,SKIPPED,,,,,,,3.6,,,,already trained
HCLTECH.NS,SKIPPED,,,,,,,2.9,,,,already trained
BAJAJFINSV.NS,SKIPPED,,,,,,,3.0,,,,already trained
COALINDIA.NS,SKIPPED,,,,,,,1.9,,,,already trained
TECHM.NS,SKIPPED,,,,,,,2.5,,,,already trained
INDUSINDBK.NS,SKIPPED,,,,,,,2.9,,,,already trained
HINDALCO.NS,SKIPPED,,,,,,,3.4,,,,already trained
DRREDDY.NS,SKIPPED,,,,,,,3.6,,,,already trained
CIPLA.NS,SKIPPED,,,,,,,3.2,,,,already trained
BPCL.NS,SKIPPED,,,,,,,3.2,,,,already trained
EICHERMOT.NS,SKIPPED,,,,,,,3.6,,,,already trained
DIVISLAB.NS,SKIPPED,,,,,,,2.7,,,,already trained
BRITANNIA.NS,SKIPPED,,,,,,,3.6,,,,already trained
APOLLOHOSP.NS,SKIPPED,,,,,,,2.8,,,,already trained
GRASIM.NS,SKIPPED,,,,,,,2.6,,,,already trained
NESTLEIND.NS,SKIPPED,,,,,,,2.2,,,,already trained
SBILIFE.NS,SKIPPED,,,,,,,1.1,,,,already trained
HEROMOTOCO.NS,SKIPPED,,,,,,,2.5,,,,already trained
TATACONSUM.NS,SKIPPED,,,,,,,3.2,,,,already trained
BAJAJ-AUTO.NS,SKIPPED,,,,,,,2.6,,,,already trained
HDFCLIFE.NS,SKIPPED,,,,,,,1.1,,,,already trained
SHRIRAMFIN.NS,SKIPPED,,,,,,,2.7,,,,already trained
TATAMOTORS.NS,FAILED,,,,,,,,,,No data returned,
LTIM.NS,FAILED,,,,,,,,,,No data returned,
ADANITRANS.NS,FAILED,,,,,,,,,,No data returned,
ADANIGREEN.NS,OK,1702,1361,341,0.5455,0.5789,0.5882,1.1,2019-07-01,2026-05-18,,
BAJAJHLDNG.NS,OK,5644,4515,1129,0.4996,0.5075,0.5319,2.8,2003-07-31,2026-05-18,,
AMBUJACEM.NS,OK,5676,4540,1136,0.5062,0.5206,0.5205,2.7,2003-06-19,2026-05-18,,
AUROPHARMA.NS,OK,7360,5888,1472,0.4871,0.4744,0.4811,3.4,1997-01-01,2026-05-18,,
BANKBARODA.NS,OK,5675,4540,1135,0.4943,0.5121,0.5238,2.6,2003-06-19,2026-05-18,,
BERGEPAINT.NS,OK,5677,4541,1136,0.5158,0.5174,0.5093,2.8,2003-06-18,2026-05-18,,
BEL.NS,OK,5675,4540,1135,0.4855,0.5025,0.5223,3.0,2003-06-19,2026-05-18,,
BIOCON.NS,OK,5214,4171,1043,0.5235,0.5451,0.5473,2.7,2005-04-01,2026-05-18,,
BOSCHLTD.NS,OK,5676,4540,1136,0.5026,0.5246,0.5750,2.6,2003-06-18,2026-05-18,,
CANBK.NS,OK,5550,4440,1110,0.5306,0.5493,0.6250,2.8,2003-12-11,2026-05-18,,
CHOLAFIN.NS,OK,5675,4540,1135,0.4943,0.4966,0.4457,2.7,2003-06-19,2026-05-18,,
COLPAL.NS,OK,5678,4542,1136,0.4877,0.4975,0.5074,2.6,2003-06-18,2026-05-18,,
DABUR.NS,OK,5675,4540,1135,0.5242,0.5167,0.4986,3.0,2003-06-19,2026-05-18,,
DLF.NS,OK,4401,3520,881,0.5131,0.5263,0.5119,2.2,2008-07-09,2026-05-18,,
GODREJCP.NS,OK,5678,4542,1136,0.5326,0.5251,0.5169,2.9,2003-06-18,2026-05-18,,
HAVELLS.NS,OK,5676,4540,1136,0.4947,0.5041,0.4775,2.7,2003-06-18,2026-05-18,,
GAIL.NS,OK,6729,5383,1346,0.5446,0.5557,0.6080,3.2,1998-03-20,2026-05-18,,
ICICIPRULI.NS,OK,2127,1701,426,0.5493,0.5298,0.5139,1.3,2017-10-06,2026-05-18,,
ICICIGI.NS,OK,1881,1504,377,0.4960,0.4852,0.4844,1.2,2018-10-04,2026-05-18,,
IRCTC.NS,OK,1381,1104,277,0.4910,0.4835,0.4375,0.9,2020-10-16,2026-05-18,,
INDUSTOWER.NS,OK,3050,2440,610,0.5082,0.5270,0.5714,1.7,2014-01-03,2026-05-18,,
MCDOWELL-N.NS,FAILED,,,,,,,,,,No data returned,
IOC.NS,OK,7295,5836,1459,0.5141,0.5279,0.5622,3.2,1997-04-02,2026-05-18,,
JINDALSTEL.NS,OK,6401,5120,1281,0.5082,0.5343,0.5633,3.2,2000-09-08,2026-05-18,,
MUTHOOTFIN.NS,OK,3455,2764,691,0.5369,0.5651,0.5767,1.9,2012-05-15,2026-05-18,,
LUPIN.NS,OK,5886,4708,1178,0.5008,0.5333,0.5903,2.8,2002-08-28,2026-05-18,,
PERSISTENT.NS,OK,3728,2982,746,0.5080,0.5241,0.5889,2.1,2011-04-04,2026-05-18,,
NMDC.NS,OK,4234,3387,847,0.4758,0.4907,0.4940,2.3,2009-03-20,2026-05-18,,
NAUKRI.NS,OK,4554,3643,911,0.5203,0.5157,0.4352,2.4,2007-11-26,2026-05-18,,
PAGEIND.NS,OK,4474,3579,895,0.4670,0.4606,0.4458,2.4,2008-03-18,2026-05-18,,
PIIND.NS,OK,3427,2741,686,0.4883,0.4771,0.4375,1.9,2012-06-22,2026-05-18,,
PETRONET.NS,OK,5224,4179,1045,0.5110,0.5184,0.4882,2.7,2005-03-17,2026-05-18,,
PIDILITIND.NS,OK,5675,4540,1135,0.4872,0.4882,0.4848,3.0,2003-06-19,2026-05-18,,
POLYCAB.NS,OK,1499,1199,300,0.4867,0.5260,0.5303,1.0,2020-04-30,2026-05-18,,
PNB.NS,OK,5677,4541,1136,0.4965,0.5079,0.4786,2.7,2003-06-19,2026-05-18,,
RECLTD.NS,OK,4228,3382,846,0.4953,0.5455,0.6067,2.2,2009-03-30,2026-05-18,,
SRF.NS,OK,5675,4540,1135,0.4969,0.5039,0.5198,2.7,2003-06-19,2026-05-18,,
SIEMENS.NS,OK,6587,5269,1318,0.4954,0.5228,0.5462,3.0,1999-12-22,2026-05-18,,
SAIL.NS,OK,7373,5898,1475,0.5166,0.5265,0.5569,3.8,1996-12-18,2026-05-18,,
TORNTPHARM.NS,OK,5678,4542,1136,0.5035,0.5172,0.5279,2.8,2003-06-18,2026-05-18,,
UNITDSPR.NS,FAILED,,,,,,,,,,Only 483 rows (need 500),
UBL.NS,OK,4136,3308,828,0.4638,0.4509,0.4453,2.2,2009-08-12,2026-05-18,,
TRENT.NS,OK,5675,4540,1135,0.4775,0.4872,0.5542,2.8,2003-06-19,2026-05-18,,
TVSMOTOR.NS,OK,6176,4940,1236,0.4927,0.5262,0.5489,3.0,2001-07-20,2026-05-18,,
UPL.NS,OK,5660,4528,1132,0.4947,0.5020,0.4915,2.6,2003-06-18,2026-05-18,,
HAL.NS,OK,1756,1404,352,0.5398,0.5294,0.4538,1.1,2019-04-09,2026-05-18,,
VOLTAS.NS,OK,5678,4542,1136,0.5167,0.5220,0.5143,2.8,2003-06-18,2026-05-18,,
VEDL.NS,OK,7182,5745,1437,0.5059,0.5721,0.5912,3.5,1996-12-18,2026-05-18,,
ZYDUSLIFE.NS,OK,6245,4996,1249,0.5332,0.5536,0.5792,3.1,2001-04-16,2026-05-18,,
ABCAPITAL.NS,OK,1899,1519,380,0.5132,0.5086,0.5161,1.1,2018-09-05,2026-05-18,,
ABFRL.NS,OK,2912,2329,583,0.5420,0.5057,0.6111,1.6,2014-07-24,2026-05-18,,
AARTIIND.NS,OK,5678,4542,1136,0.4604,0.4584,0.4519,2.8,2003-06-18,2026-05-18,,
ABB.NS,OK,5678,4542,1136,0.4859,0.5343,0.6484,3.0,2003-06-18,2026-05-18,,
APLAPOLLO.NS,OK,3306,2644,662,0.5317,0.5323,0.5027,1.9,2012-12-21,2026-05-18,,
ACC.NS,OK,5675,4540,1135,0.5181,0.5230,0.5000,2.8,2003-06-19,2026-05-18,,
ASTRAL.NS,OK,4474,3579,895,0.4983,0.4921,0.4759,2.4,2008-03-24,2026-05-18,,
AUBANK.NS,OK,1935,1548,387,0.5220,0.5204,0.5513,1.2,2018-07-13,2026-05-18,,
ATUL.NS,OK,5675,4540,1135,0.4969,0.4816,0.4792,2.8,2003-06-19,2026-05-18,,
BALKRISIND.NS,OK,4755,3804,951,0.5047,0.4881,0.4872,2.5,2007-02-05,2026-05-18,,
CAMS.NS,OK,1138,910,228,0.4693,0.4322,0.4098,0.8,2021-10-08,2026-05-18,,
BATAINDIA.NS,OK,5675,4540,1135,0.4899,0.4668,0.4420,2.9,2003-06-19,2026-05-18,,
BSOFT.NS,OK,5679,4543,1136,0.5141,0.5022,0.5330,2.8,2003-06-18,2026-05-18,,
CDSL.NS,OK,1942,1553,389,0.5476,0.5329,0.6290,1.2,2018-07-04,2026-05-18,,
BHEL.NS,OK,7370,5896,1474,0.5142,0.5684,0.5613,3.3,1996-12-18,2026-05-18,,
CANFINHOME.NS,OK,5675,4540,1135,0.5066,0.5267,0.5038,2.8,2003-06-19,2026-05-18,,
CESC.NS,OK,5675,4540,1135,0.4969,0.4909,0.5352,2.7,2003-06-19,2026-05-18,,
CGPOWER.NS,OK,5678,4542,1136,0.4912,0.4954,0.4985,2.8,2003-06-18,2026-05-18,,
CONCOR.NS,OK,5675,4540,1135,0.5075,0.5045,0.5122,2.8,2003-06-19,2026-05-18,,
CROMPTON.NS,OK,2222,1777,445,0.5191,0.4593,0.4860,1.3,2017-05-22,2026-05-18,,
COROMANDEL.NS,OK,5355,4284,1071,0.5070,0.5289,0.5368,2.5,2004-09-13,2026-05-18,,
DIXON.NS,OK,1888,1510,378,0.5106,0.5086,0.5085,1.2,2018-09-24,2026-05-18,,
DEEPAKNTR.NS,OK,3603,2882,721,0.5118,0.5128,0.4950,1.9,2011-10-03,2026-05-18,,
CUMMINSIND.NS,OK,5675,4540,1135,0.4943,0.5429,0.5556,2.8,2003-06-19,2026-05-18,,
ELGIEQUIP.NS,OK,5675,4540,1135,0.4767,0.4501,0.4322,2.9,2003-06-19,2026-05-18,,
EMAMILTD.NS,OK,4628,3702,926,0.5194,0.4892,0.4667,2.3,2007-08-09,2026-05-18,,
EXIDEIND.NS,OK,5678,4542,1136,0.4921,0.4822,0.4409,2.7,2003-06-18,2026-05-18,,
ESCORTS.NS,OK,7370,5896,1474,0.4844,0.4809,0.4694,3.5,1996-12-18,2026-05-18,,
FORTIS.NS,OK,4442,3553,889,0.4961,0.4975,0.4444,2.3,2008-05-12,2026-05-18,,
FEDERALBNK.NS,OK,7058,5646,1412,0.5248,0.5386,0.5586,3.5,1996-12-18,2026-05-18,,
GMRAIRPORT.NS,OK,4617,3693,924,0.5141,0.5606,0.6515,2.4,2007-08-27,2026-05-18,,
GLAXO.NS,OK,5675,4540,1135,0.4855,0.4532,0.4762,2.9,2003-06-19,2026-05-18,,
GODREJIND.NS,OK,5678,4542,1136,0.4947,0.4782,0.5441,3.0,2003-06-18,2026-05-18,,
GODREJPROP.NS,OK,3789,3031,758,0.5172,0.5522,0.5906,2.1,2011-01-05,2026-05-18,,
GUJGASLTD.NS,OK,2379,1903,476,0.4979,0.4558,0.4959,1.4,2016-09-28,2026-05-18,,
GRANULES.NS,OK,4906,3924,982,0.4959,0.5084,0.4217,2.5,2006-06-27,2026-05-18,,
GSPL.NS,OK,4737,3789,948,0.5190,0.4989,0.4577,2.4,2007-02-23,2026-05-11,,
IDFCFIRSTB.NS,OK,2346,1876,470,0.4957,0.4627,0.5224,1.4,2016-11-21,2026-05-18,,
IGL.NS,OK,5287,4229,1058,0.5208,0.5206,0.5000,2.8,2004-12-16,2026-05-18,,
HONAUT.NS,OK,5676,4540,1136,0.4894,0.4506,0.4416,3.0,2003-06-18,2026-05-18,,
INDIAMART.NS,OK,1447,1157,290,0.5034,0.4851,0.6071,0.9,2020-07-15,2026-05-18,,
INOXWIND.NS,OK,2491,1992,499,0.5271,0.4904,0.5679,1.5,2016-04-20,2026-05-18,,
INDHOTEL.NS,OK,5678,4542,1136,0.5194,0.5460,0.5471,2.8,2003-06-18,2026-05-18,,
IRFC.NS,OK,1057,845,212,0.5189,0.4419,0.5098,0.7,2022-02-04,2026-05-18,,
ISEC.NS,FAILED,,,,,,,,,,No data returned,
JUBLFOOD.NS,OK,3765,3012,753,0.5033,0.4719,0.5000,2.0,2011-02-09,2026-05-18,,
JKCEMENT.NS,OK,4725,3780,945,0.5153,0.5323,0.5714,2.6,2007-03-21,2026-05-18,,
KALYANKJIL.NS,OK,1018,814,204,0.5294,0.4783,0.4375,0.7,2022-04-04,2026-05-18,,
HFCL.NS,OK,5643,4514,1129,0.5226,0.5039,0.5241,2.9,2003-07-31,2026-05-18,,
KAJARIACER.NS,OK,5675,4540,1135,0.5057,0.4615,0.4671,2.9,2003-06-19,2026-05-18,,
KPITTECH.NS,OK,1497,1197,300,0.4633,0.4305,0.4634,1.0,2020-05-05,2026-05-18,,
LALPATHLAB.NS,OK,2316,1852,464,0.4806,0.4664,0.5276,1.4,2017-01-02,2026-05-18,,
LAURUSLABS.NS,OK,2074,1659,415,0.5277,0.5589,0.5302,1.3,2017-12-21,2026-05-18,,
KANSAINER.NS,OK,5673,4538,1135,0.5093,0.4763,0.5120,3.0,2003-06-19,2026-05-18,,
LTTS.NS,OK,2131,1704,427,0.4824,0.4727,0.4817,1.3,2017-09-29,2026-05-18,,
MAXHEALTH.NS,OK,1168,934,234,0.4872,0.4892,0.5105,0.8,2021-08-26,2026-05-18,,
LICHSGFIN.NS,OK,5675,4540,1135,0.4969,0.5146,0.5645,2.8,2003-06-19,2026-05-18,,
KEC.NS,OK,5644,4515,1129,0.5075,0.4806,0.4307,2.8,2003-07-31,2026-05-18,,
METROPOLIS.NS,OK,1500,1200,300,0.4800,0.4508,0.2917,1.0,2020-04-29,2026-05-18,,
MCX.NS,OK,3247,2597,650,0.4908,0.5691,0.5254,1.9,2013-03-15,2026-05-18,,
MARICO.NS,OK,6972,5577,1395,0.5362,0.5314,0.5364,3.5,1997-04-18,2026-05-18,,
MOTHERSON.NS,OK,5676,4540,1136,0.5026,0.5044,0.5185,3.0,2003-06-18,2026-05-18,,
MFSL.NS,OK,7370,5896,1474,0.4980,0.4964,0.4762,3.4,1996-12-18,2026-05-18,,
MPHASIS.NS,OK,5675,4540,1135,0.4996,0.5019,0.5185,2.7,2003-06-19,2026-05-18,,
MRF.NS,OK,5674,4539,1135,0.5075,0.5104,0.5760,2.8,2003-06-19,2026-05-18,,
NBCC.NS,OK,3225,2580,645,0.4915,0.4473,0.4902,1.8,2013-04-18,2026-05-18,,
NHPC.NS,OK,3870,3096,774,0.5142,0.5199,0.5565,2.1,2010-09-08,2026-05-18,,
NCC.NS,OK,5592,4473,1119,0.5335,0.5273,0.5778,2.9,2003-10-14,2026-05-18,,
NYKAA.NS,OK,865,692,173,0.4855,0.4954,0.4324,0.6,2022-11-16,2026-05-18,,
NATCOPHARM.NS,OK,7371,5896,1475,0.5173,0.5128,0.5187,3.5,1996-12-18,2026-05-18,,
RELIANCE.NS,SKIPPED,,,,,,,3.6,,,,already trained
HDFCBANK.NS,SKIPPED,,,,,,,3.3,,,,already trained
TCS.NS,SKIPPED,,,,,,,2.8,,,,already trained
INFY.NS,SKIPPED,,,,,,,3.2,,,,already trained
HINDUNILVR.NS,SKIPPED,,,,,,,3.3,,,,already trained
ICICIBANK.NS,SKIPPED,,,,,,,2.9,,,,already trained
ITC.NS,SKIPPED,,,,,,,3.5,,,,already trained
SBIN.NS,SKIPPED,,,,,,,3.6,,,,already trained
BHARTIARTL.NS,SKIPPED,,,,,,,2.9,,,,already trained
KOTAKBANK.NS,SKIPPED,,,,,,,2.9,,,,already trained
LT.NS,SKIPPED,,,,,,,2.8,,,,already trained
AXISBANK.NS,SKIPPED,,,,,,,3.0,,,,already trained
ASIANPAINT.NS,SKIPPED,,,,,,,2.8,,,,already trained
MARUTI.NS,SKIPPED,,,,,,,2.5,,,,already trained
TITAN.NS,SKIPPED,,,,,,,3.6,,,,already trained
SUNPHARMA.NS,SKIPPED,,,,,,,3.3,,,,already trained
BAJFINANCE.NS,SKIPPED,,,,,,,2.9,,,,already trained
WIPRO.NS,SKIPPED,,,,,,,3.2,,,,already trained
ULTRACEMCO.NS,SKIPPED,,,,,,,2.7,,,,already trained
ONGC.NS,SKIPPED,,,,,,,3.2,,,,already trained
NTPC.NS,SKIPPED,,,,,,,2.7,,,,already trained
JSWSTEEL.NS,SKIPPED,,,,,,,2.6,,,,already trained
POWERGRID.NS,SKIPPED,,,,,,,2.4,,,,already trained
M&M.NS,SKIPPED,,,,,,,3.5,,,,already trained
ADANIENT.NS,SKIPPED,,,,,,,3.0,,,,already trained
ADANIPORTS.NS,SKIPPED,,,,,,,2.2,,,,already trained
TATASTEEL.NS,SKIPPED,,,,,,,3.6,,,,already trained
HCLTECH.NS,SKIPPED,,,,,,,2.9,,,,already trained
BAJAJFINSV.NS,SKIPPED,,,,,,,3.0,,,,already trained
COALINDIA.NS,SKIPPED,,,,,,,1.9,,,,already trained
TECHM.NS,SKIPPED,,,,,,,2.5,,,,already trained
INDUSINDBK.NS,SKIPPED,,,,,,,2.9,,,,already trained
HINDALCO.NS,SKIPPED,,,,,,,3.4,,,,already trained
DRREDDY.NS,SKIPPED,,,,,,,3.6,,,,already trained
CIPLA.NS,SKIPPED,,,,,,,3.2,,,,already trained
BPCL.NS,SKIPPED,,,,,,,3.2,,,,already trained
EICHERMOT.NS,SKIPPED,,,,,,,3.6,,,,already trained
DIVISLAB.NS,SKIPPED,,,,,,,2.7,,,,already trained
BRITANNIA.NS,SKIPPED,,,,,,,3.6,,,,already trained
APOLLOHOSP.NS,SKIPPED,,,,,,,2.8,,,,already trained
GRASIM.NS,SKIPPED,,,,,,,2.6,,,,already trained
NESTLEIND.NS,SKIPPED,,,,,,,2.2,,,,already trained
SBILIFE.NS,SKIPPED,,,,,,,1.1,,,,already trained
HEROMOTOCO.NS,SKIPPED,,,,,,,2.5,,,,already trained
TATACONSUM.NS,SKIPPED,,,,,,,3.2,,,,already trained
BAJAJ-AUTO.NS,SKIPPED,,,,,,,2.6,,,,already trained
HDFCLIFE.NS,SKIPPED,,,,,,,1.1,,,,already trained
SHRIRAMFIN.NS,SKIPPED,,,,,,,2.7,,,,already trained
ADANIGREEN.NS,SKIPPED,,,,,,,1.1,,,,already trained
AMBUJACEM.NS,SKIPPED,,,,,,,2.7,,,,already trained
AUROPHARMA.NS,SKIPPED,,,,,,,3.4,,,,already trained
BAJAJHLDNG.NS,SKIPPED,,,,,,,2.8,,,,already trained
BANKBARODA.NS,SKIPPED,,,,,,,2.6,,,,already trained
BEL.NS,SKIPPED,,,,,,,3.0,,,,already trained
BERGEPAINT.NS,SKIPPED,,,,,,,2.8,,,,already trained
BIOCON.NS,SKIPPED,,,,,,,2.7,,,,already trained
BOSCHLTD.NS,SKIPPED,,,,,,,2.6,,,,already trained
CANBK.NS,SKIPPED,,,,,,,2.8,,,,already trained
CHOLAFIN.NS,SKIPPED,,,,,,,2.7,,,,already trained
COLPAL.NS,SKIPPED,,,,,,,2.6,,,,already trained
DABUR.NS,SKIPPED,,,,,,,3.0,,,,already trained
DLF.NS,SKIPPED,,,,,,,2.2,,,,already trained
GAIL.NS,SKIPPED,,,,,,,3.2,,,,already trained
GODREJCP.NS,SKIPPED,,,,,,,2.9,,,,already trained
HAVELLS.NS,SKIPPED,,,,,,,2.7,,,,already trained
ICICIPRULI.NS,SKIPPED,,,,,,,1.3,,,,already trained
ICICIGI.NS,SKIPPED,,,,,,,1.2,,,,already trained
INDUSTOWER.NS,SKIPPED,,,,,,,1.7,,,,already trained
IOC.NS,SKIPPED,,,,,,,3.2,,,,already trained
IRCTC.NS,SKIPPED,,,,,,,0.9,,,,already trained
JINDALSTEL.NS,SKIPPED,,,,,,,3.2,,,,already trained
LUPIN.NS,SKIPPED,,,,,,,2.8,,,,already trained
MCDOWELL-N.NS,FAILED,,,,,,,,,,No data returned,
MUTHOOTFIN.NS,SKIPPED,,,,,,,1.9,,,,already trained
NAUKRI.NS,SKIPPED,,,,,,,2.4,,,,already trained
NMDC.NS,SKIPPED,,,,,,,2.3,,,,already trained
PAGEIND.NS,SKIPPED,,,,,,,2.4,,,,already trained
PERSISTENT.NS,SKIPPED,,,,,,,2.1,,,,already trained
PETRONET.NS,SKIPPED,,,,,,,2.7,,,,already trained
PIIND.NS,SKIPPED,,,,,,,1.9,,,,already trained
PIDILITIND.NS,SKIPPED,,,,,,,3.0,,,,already trained
PNB.NS,SKIPPED,,,,,,,2.7,,,,already trained
POLYCAB.NS,SKIPPED,,,,,,,1.0,,,,already trained
RECLTD.NS,SKIPPED,,,,,,,2.2,,,,already trained
SAIL.NS,SKIPPED,,,,,,,3.8,,,,already trained
SIEMENS.NS,SKIPPED,,,,,,,3.0,,,,already trained
SRF.NS,SKIPPED,,,,,,,2.7,,,,already trained
TORNTPHARM.NS,SKIPPED,,,,,,,2.8,,,,already trained
TRENT.NS,SKIPPED,,,,,,,2.8,,,,already trained
TVSMOTOR.NS,SKIPPED,,,,,,,3.0,,,,already trained
UBL.NS,SKIPPED,,,,,,,2.2,,,,already trained
ADANITRANS.NS,FAILED,,,,,,,,,,No data returned,
UPL.NS,SKIPPED,,,,,,,2.6,,,,already trained
VEDL.NS,SKIPPED,,,,,,,3.5,,,,already trained
VOLTAS.NS,SKIPPED,,,,,,,2.8,,,,already trained
ZYDUSLIFE.NS,SKIPPED,,,,,,,3.1,,,,already trained
HAL.NS,SKIPPED,,,,,,,1.1,,,,already trained
AARTIIND.NS,SKIPPED,,,,,,,2.8,,,,already trained
ABB.NS,SKIPPED,,,,,,,3.0,,,,already trained
ABCAPITAL.NS,SKIPPED,,,,,,,1.1,,,,already trained
ABFRL.NS,SKIPPED,,,,,,,1.6,,,,already trained
ACC.NS,SKIPPED,,,,,,,2.8,,,,already trained
APLAPOLLO.NS,SKIPPED,,,,,,,1.9,,,,already trained
ASTRAL.NS,SKIPPED,,,,,,,2.4,,,,already trained
ATUL.NS,SKIPPED,,,,,,,2.8,,,,already trained
AUBANK.NS,SKIPPED,,,,,,,1.2,,,,already trained
BALKRISIND.NS,SKIPPED,,,,,,,2.5,,,,already trained
BATAINDIA.NS,SKIPPED,,,,,,,2.9,,,,already trained
BHEL.NS,SKIPPED,,,,,,,3.3,,,,already trained
BSOFT.NS,SKIPPED,,,,,,,2.8,,,,already trained
CAMS.NS,SKIPPED,,,,,,,0.8,,,,already trained
CANFINHOME.NS,SKIPPED,,,,,,,2.8,,,,already trained
CDSL.NS,SKIPPED,,,,,,,1.2,,,,already trained
CESC.NS,SKIPPED,,,,,,,2.7,,,,already trained
CGPOWER.NS,SKIPPED,,,,,,,2.8,,,,already trained
CONCOR.NS,SKIPPED,,,,,,,2.8,,,,already trained
COROMANDEL.NS,SKIPPED,,,,,,,2.5,,,,already trained
CROMPTON.NS,SKIPPED,,,,,,,1.3,,,,already trained
CUMMINSIND.NS,SKIPPED,,,,,,,2.8,,,,already trained
DEEPAKNTR.NS,SKIPPED,,,,,,,1.9,,,,already trained
DIXON.NS,SKIPPED,,,,,,,1.2,,,,already trained
ELGIEQUIP.NS,SKIPPED,,,,,,,2.9,,,,already trained
EMAMILTD.NS,SKIPPED,,,,,,,2.3,,,,already trained
ESCORTS.NS,SKIPPED,,,,,,,3.5,,,,already trained
EXIDEIND.NS,SKIPPED,,,,,,,2.7,,,,already trained
FEDERALBNK.NS,SKIPPED,,,,,,,3.5,,,,already trained
FORTIS.NS,SKIPPED,,,,,,,2.3,,,,already trained
GLAXO.NS,SKIPPED,,,,,,,2.9,,,,already trained
GMRAIRPORT.NS,SKIPPED,,,,,,,2.4,,,,already trained
GODREJIND.NS,SKIPPED,,,,,,,3.0,,,,already trained
GODREJPROP.NS,SKIPPED,,,,,,,2.1,,,,already trained
GRANULES.NS,SKIPPED,,,,,,,2.5,,,,already trained
GSPL.NS,SKIPPED,,,,,,,2.4,,,,already trained
GUJGASLTD.NS,SKIPPED,,,,,,,1.4,,,,already trained
HFCL.NS,SKIPPED,,,,,,,2.9,,,,already trained
HONAUT.NS,SKIPPED,,,,,,,3.0,,,,already trained
IDFCFIRSTB.NS,SKIPPED,,,,,,,1.4,,,,already trained
IGL.NS,SKIPPED,,,,,,,2.8,,,,already trained
INDHOTEL.NS,SKIPPED,,,,,,,2.8,,,,already trained
INDIAMART.NS,SKIPPED,,,,,,,0.9,,,,already trained
INOXWIND.NS,SKIPPED,,,,,,,1.5,,,,already trained
IRFC.NS,SKIPPED,,,,,,,0.7,,,,already trained
UNITDSPR.NS,FAILED,,,,,,,,,,Only 483 rows (need 500),
JKCEMENT.NS,SKIPPED,,,,,,,2.6,,,,already trained
JUBLFOOD.NS,SKIPPED,,,,,,,2.0,,,,already trained
KAJARIACER.NS,SKIPPED,,,,,,,2.9,,,,already trained
KALYANKJIL.NS,SKIPPED,,,,,,,0.7,,,,already trained
KANSAINER.NS,SKIPPED,,,,,,,3.0,,,,already trained
KEC.NS,SKIPPED,,,,,,,2.8,,,,already trained
KPITTECH.NS,SKIPPED,,,,,,,1.0,,,,already trained
LALPATHLAB.NS,SKIPPED,,,,,,,1.4,,,,already trained
LAURUSLABS.NS,SKIPPED,,,,,,,1.3,,,,already trained
LICHSGFIN.NS,SKIPPED,,,,,,,2.8,,,,already trained
LTTS.NS,SKIPPED,,,,,,,1.3,,,,already trained
MARICO.NS,SKIPPED,,,,,,,3.5,,,,already trained
MAXHEALTH.NS,SKIPPED,,,,,,,0.8,,,,already trained
MCX.NS,SKIPPED,,,,,,,1.9,,,,already trained
METROPOLIS.NS,SKIPPED,,,,,,,1.0,,,,already trained
MFSL.NS,SKIPPED,,,,,,,3.4,,,,already trained
MOTHERSON.NS,SKIPPED,,,,,,,3.0,,,,already trained
MPHASIS.NS,SKIPPED,,,,,,,2.7,,,,already trained
MRF.NS,SKIPPED,,,,,,,2.8,,,,already trained
NATCOPHARM.NS,SKIPPED,,,,,,,3.5,,,,already trained
NBCC.NS,SKIPPED,,,,,,,1.8,,,,already trained
NCC.NS,SKIPPED,,,,,,,2.9,,,,already trained
NHPC.NS,SKIPPED,,,,,,,2.1,,,,already trained
LTIM.NS,FAILED,,,,,,,,,,No data returned,
NYKAA.NS,SKIPPED,,,,,,,0.6,,,,already trained
ISEC.NS,FAILED,,,,,,,,,,No data returned,
NLCINDIA.NS,OK,6160,4928,1232,0.5106,0.4991,0.5690,3.1,2001-08-10,2026-05-18,,
TATAMOTORS.NS,FAILED,,,,,,,,,,No data returned,
OBEROIRLTY.NS,OK,3588,2870,718,0.4875,0.5191,0.4805,2.1,2011-10-25,2026-05-18,,
OIL.NS,OK,3851,3080,771,0.4981,0.5230,0.5872,2.2,2010-10-06,2026-05-18,,
OBEROIRLTY.NS,OK,3588,2870,718,0.4861,0.5163,0.4805,2.1,2011-10-25,2026-05-18,,
OFSS.NS,OK,5677,4541,1136,0.4947,0.4807,0.4677,2.8,2003-06-18,2026-05-18,,
PVRINOX.NS,OK,596,476,120,0.5250,0.4727,0.2857,0.4,2023-12-08,2026-05-18,,
OIL.NS,OK,3851,3080,771,0.4955,0.5201,0.5896,2.2,2010-10-06,2026-05-18,,
PHOENIXLTD.NS,OK,4450,3560,890,0.5067,0.5169,0.5196,2.2,2008-04-25,2026-05-18,,
OFSS.NS,OK,5677,4541,1136,0.4903,0.4759,0.4628,2.8,2003-06-18,2026-05-18,,
PRESTIGE.NS,OK,3584,2867,717,0.5160,0.5400,0.5670,2.0,2011-11-03,2026-05-18,,
OLECTRA.NS,OK,5675,4540,1135,0.5498,0.4978,0.5357,2.7,2003-06-19,2026-05-18,,
NLCINDIA.NS,OK,6160,4928,1232,0.5114,0.5000,0.5636,3.1,2001-08-10,2026-05-18,,
PVRINOX.NS,SKIPPED,,,,,,,0.4,,,,already trained
RITES.NS,OK,1691,1352,339,0.4956,0.4667,0.4512,1.1,2019-07-16,2026-05-18,,
OLECTRA.NS,OK,5675,4540,1135,0.5471,0.4913,0.5238,2.8,2003-06-19,2026-05-18,,
PHOENIXLTD.NS,OK,4450,3560,890,0.5067,0.5170,0.5246,2.2,2008-04-25,2026-05-18,,
PRESTIGE.NS,OK,3584,2867,717,0.5160,0.5400,0.5670,2.0,2011-11-03,2026-05-18,,
RITES.NS,SKIPPED,,,,,,,1.1,,,,already trained
RAIN.NS,OK,4486,3588,898,0.5434,0.5296,0.5486,2.5,2008-03-03,2026-05-18,,
SBICARD.NS,OK,1276,1020,256,0.5039,0.4741,0.4458,0.8,2021-03-18,2026-05-18,,
RAIN.NS,FAILED,,,,,,,,,,A process in the process pool was terminated abruptly while the future was running or pending.,
RAJESHEXPO.NS,FAILED,,,,,,,,,,A process in the process pool was terminated abruptly while the future was running or pending.,
RAMCOCEM.NS,FAILED,,,,,,,,,,A process in the process pool was terminated abruptly while the future was running or pending.,
SBICARD.NS,FAILED,,,,,,,,,,A process in the process pool was terminated abruptly while the future was running or pending.,
SCHAEFFLER.NS,FAILED,,,,,,,,,,A process in the process pool was terminated abruptly while the future was running or pending.,
SHREECEM.NS,FAILED,,,,,,,,,,A process in the process pool was terminated abruptly while the future was running or pending.,
SJVN.NS,FAILED,,,,,,,,,,A process in the process pool was terminated abruptly while the future was running or pending.,
SKFINDIA.NS,FAILED,,,,,,,,,,A process in the process pool was terminated abruptly while the future was running or pending.,
SOBHA.NS,FAILED,,,,,,,,,,A process in the process pool was terminated abruptly while the future was running or pending.,
SONACOMS.NS,FAILED,,,,,,,,,,A process in the process pool was terminated abruptly while the future was running or pending.,
RAJESHEXPO.NS,OK,5641,4512,1129,0.5509,0.4833,0.5467,3.0,2003-06-18,2026-05-18,,
RAMCOCEM.NS,OK,5675,4540,1135,0.4881,0.4937,0.4843,2.9,2003-06-18,2026-05-18,,
SJVN.NS,OK,3697,2957,740,0.5081,0.4853,0.5084,2.0,2011-05-20,2026-05-18,,
RELIANCE.NS,SKIPPED,,,,,,,3.6,,,,already trained
TCS.NS,SKIPPED,,,,,,,2.8,,,,already trained
HDFCBANK.NS,SKIPPED,,,,,,,3.3,,,,already trained
INFY.NS,SKIPPED,,,,,,,3.2,,,,already trained
ICICIBANK.NS,SKIPPED,,,,,,,2.9,,,,already trained
HINDUNILVR.NS,SKIPPED,,,,,,,3.3,,,,already trained
ITC.NS,SKIPPED,,,,,,,3.5,,,,already trained
SBIN.NS,SKIPPED,,,,,,,3.6,,,,already trained
BHARTIARTL.NS,SKIPPED,,,,,,,2.9,,,,already trained
KOTAKBANK.NS,SKIPPED,,,,,,,2.9,,,,already trained
LT.NS,SKIPPED,,,,,,,2.8,,,,already trained
AXISBANK.NS,SKIPPED,,,,,,,3.0,,,,already trained
ASIANPAINT.NS,SKIPPED,,,,,,,2.8,,,,already trained
MARUTI.NS,SKIPPED,,,,,,,2.5,,,,already trained
TITAN.NS,SKIPPED,,,,,,,3.6,,,,already trained
SUNPHARMA.NS,SKIPPED,,,,,,,3.3,,,,already trained
BAJFINANCE.NS,SKIPPED,,,,,,,2.9,,,,already trained
WIPRO.NS,SKIPPED,,,,,,,3.2,,,,already trained
ULTRACEMCO.NS,SKIPPED,,,,,,,2.7,,,,already trained
ONGC.NS,SKIPPED,,,,,,,3.2,,,,already trained
NTPC.NS,SKIPPED,,,,,,,2.7,,,,already trained
JSWSTEEL.NS,SKIPPED,,,,,,,2.6,,,,already trained
POWERGRID.NS,SKIPPED,,,,,,,2.4,,,,already trained
M&M.NS,SKIPPED,,,,,,,3.5,,,,already trained
ADANIENT.NS,SKIPPED,,,,,,,3.0,,,,already trained
ADANIPORTS.NS,SKIPPED,,,,,,,2.2,,,,already trained
TATASTEEL.NS,SKIPPED,,,,,,,3.6,,,,already trained
HCLTECH.NS,SKIPPED,,,,,,,2.9,,,,already trained
BAJAJFINSV.NS,SKIPPED,,,,,,,3.0,,,,already trained
COALINDIA.NS,SKIPPED,,,,,,,1.9,,,,already trained
INDUSINDBK.NS,SKIPPED,,,,,,,2.9,,,,already trained
TECHM.NS,SKIPPED,,,,,,,2.5,,,,already trained
HINDALCO.NS,SKIPPED,,,,,,,3.4,,,,already trained
DRREDDY.NS,SKIPPED,,,,,,,3.6,,,,already trained
CIPLA.NS,SKIPPED,,,,,,,3.2,,,,already trained
BPCL.NS,SKIPPED,,,,,,,3.2,,,,already trained
EICHERMOT.NS,SKIPPED,,,,,,,3.6,,,,already trained
DIVISLAB.NS,SKIPPED,,,,,,,2.7,,,,already trained
BRITANNIA.NS,SKIPPED,,,,,,,3.6,,,,already trained
APOLLOHOSP.NS,SKIPPED,,,,,,,2.8,,,,already trained
GRASIM.NS,SKIPPED,,,,,,,2.6,,,,already trained
NESTLEIND.NS,SKIPPED,,,,,,,2.2,,,,already trained
SBILIFE.NS,SKIPPED,,,,,,,1.1,,,,already trained
HEROMOTOCO.NS,SKIPPED,,,,,,,2.5,,,,already trained
TATACONSUM.NS,SKIPPED,,,,,,,3.2,,,,already trained
BAJAJ-AUTO.NS,SKIPPED,,,,,,,2.6,,,,already trained
HDFCLIFE.NS,SKIPPED,,,,,,,1.1,,,,already trained
SHRIRAMFIN.NS,SKIPPED,,,,,,,2.7,,,,already trained
ADANIGREEN.NS,SKIPPED,,,,,,,1.1,,,,already trained
AMBUJACEM.NS,SKIPPED,,,,,,,2.7,,,,already trained
AUROPHARMA.NS,SKIPPED,,,,,,,3.4,,,,already trained
BAJAJHLDNG.NS,SKIPPED,,,,,,,2.8,,,,already trained
BANKBARODA.NS,SKIPPED,,,,,,,2.6,,,,already trained
BEL.NS,SKIPPED,,,,,,,3.0,,,,already trained
BERGEPAINT.NS,SKIPPED,,,,,,,2.8,,,,already trained
BIOCON.NS,SKIPPED,,,,,,,2.7,,,,already trained
BOSCHLTD.NS,SKIPPED,,,,,,,2.6,,,,already trained
CANBK.NS,SKIPPED,,,,,,,2.8,,,,already trained
CHOLAFIN.NS,SKIPPED,,,,,,,2.7,,,,already trained
COLPAL.NS,SKIPPED,,,,,,,2.6,,,,already trained
DABUR.NS,SKIPPED,,,,,,,3.0,,,,already trained
DLF.NS,SKIPPED,,,,,,,2.2,,,,already trained
GAIL.NS,SKIPPED,,,,,,,3.2,,,,already trained
GODREJCP.NS,SKIPPED,,,,,,,2.9,,,,already trained
HAVELLS.NS,SKIPPED,,,,,,,2.7,,,,already trained
ICICIPRULI.NS,SKIPPED,,,,,,,1.3,,,,already trained
ICICIGI.NS,SKIPPED,,,,,,,1.2,,,,already trained
INDUSTOWER.NS,SKIPPED,,,,,,,1.7,,,,already trained
IOC.NS,SKIPPED,,,,,,,3.2,,,,already trained
IRCTC.NS,SKIPPED,,,,,,,0.9,,,,already trained
JINDALSTEL.NS,SKIPPED,,,,,,,3.2,,,,already trained
LUPIN.NS,SKIPPED,,,,,,,2.8,,,,already trained
MCDOWELL-N.NS,FAILED,,,,,,,,,,No data returned,
MUTHOOTFIN.NS,SKIPPED,,,,,,,1.9,,,,already trained
NAUKRI.NS,SKIPPED,,,,,,,2.4,,,,already trained
NMDC.NS,SKIPPED,,,,,,,2.3,,,,already trained
PAGEIND.NS,SKIPPED,,,,,,,2.4,,,,already trained
PERSISTENT.NS,SKIPPED,,,,,,,2.1,,,,already trained
PETRONET.NS,SKIPPED,,,,,,,2.7,,,,already trained
PIIND.NS,SKIPPED,,,,,,,1.9,,,,already trained
PIDILITIND.NS,SKIPPED,,,,,,,3.0,,,,already trained
PNB.NS,SKIPPED,,,,,,,2.7,,,,already trained
POLYCAB.NS,SKIPPED,,,,,,,1.0,,,,already trained
RECLTD.NS,SKIPPED,,,,,,,2.2,,,,already trained
SAIL.NS,SKIPPED,,,,,,,3.8,,,,already trained
SIEMENS.NS,SKIPPED,,,,,,,3.0,,,,already trained
SRF.NS,SKIPPED,,,,,,,2.7,,,,already trained
TORNTPHARM.NS,SKIPPED,,,,,,,2.8,,,,already trained
TRENT.NS,SKIPPED,,,,,,,2.8,,,,already trained
TVSMOTOR.NS,SKIPPED,,,,,,,3.0,,,,already trained
UBL.NS,SKIPPED,,,,,,,2.2,,,,already trained
ADANITRANS.NS,FAILED,,,,,,,,,,No data returned,
UPL.NS,SKIPPED,,,,,,,2.6,,,,already trained
VEDL.NS,SKIPPED,,,,,,,3.5,,,,already trained
VOLTAS.NS,SKIPPED,,,,,,,2.8,,,,already trained
ZYDUSLIFE.NS,SKIPPED,,,,,,,3.1,,,,already trained
HAL.NS,SKIPPED,,,,,,,1.1,,,,already trained
AARTIIND.NS,SKIPPED,,,,,,,2.8,,,,already trained
ABB.NS,SKIPPED,,,,,,,3.0,,,,already trained
ABCAPITAL.NS,SKIPPED,,,,,,,1.1,,,,already trained
ABFRL.NS,SKIPPED,,,,,,,1.6,,,,already trained
ACC.NS,SKIPPED,,,,,,,2.8,,,,already trained
APLAPOLLO.NS,SKIPPED,,,,,,,1.9,,,,already trained
ASTRAL.NS,SKIPPED,,,,,,,2.4,,,,already trained
ATUL.NS,SKIPPED,,,,,,,2.8,,,,already trained
AUBANK.NS,SKIPPED,,,,,,,1.2,,,,already trained
BALKRISIND.NS,SKIPPED,,,,,,,2.5,,,,already trained
BATAINDIA.NS,SKIPPED,,,,,,,2.9,,,,already trained
BHEL.NS,SKIPPED,,,,,,,3.3,,,,already trained
BSOFT.NS,SKIPPED,,,,,,,2.8,,,,already trained
CAMS.NS,SKIPPED,,,,,,,0.8,,,,already trained
CANFINHOME.NS,SKIPPED,,,,,,,2.8,,,,already trained
CDSL.NS,SKIPPED,,,,,,,1.2,,,,already trained
CESC.NS,SKIPPED,,,,,,,2.7,,,,already trained
CGPOWER.NS,SKIPPED,,,,,,,2.8,,,,already trained
CONCOR.NS,SKIPPED,,,,,,,2.8,,,,already trained
COROMANDEL.NS,SKIPPED,,,,,,,2.5,,,,already trained
CROMPTON.NS,SKIPPED,,,,,,,1.3,,,,already trained
CUMMINSIND.NS,SKIPPED,,,,,,,2.8,,,,already trained
DEEPAKNTR.NS,SKIPPED,,,,,,,1.9,,,,already trained
DIXON.NS,SKIPPED,,,,,,,1.2,,,,already trained
ELGIEQUIP.NS,SKIPPED,,,,,,,2.9,,,,already trained
EMAMILTD.NS,SKIPPED,,,,,,,2.3,,,,already trained
ESCORTS.NS,SKIPPED,,,,,,,3.5,,,,already trained
EXIDEIND.NS,SKIPPED,,,,,,,2.7,,,,already trained
FEDERALBNK.NS,SKIPPED,,,,,,,3.5,,,,already trained
FORTIS.NS,SKIPPED,,,,,,,2.3,,,,already trained
GLAXO.NS,SKIPPED,,,,,,,2.9,,,,already trained
GMRAIRPORT.NS,SKIPPED,,,,,,,2.4,,,,already trained
GODREJIND.NS,SKIPPED,,,,,,,3.0,,,,already trained
GODREJPROP.NS,SKIPPED,,,,,,,2.1,,,,already trained
GRANULES.NS,SKIPPED,,,,,,,2.5,,,,already trained
GSPL.NS,SKIPPED,,,,,,,2.4,,,,already trained
GUJGASLTD.NS,SKIPPED,,,,,,,1.4,,,,already trained
HFCL.NS,SKIPPED,,,,,,,2.9,,,,already trained
HONAUT.NS,SKIPPED,,,,,,,3.0,,,,already trained
IDFCFIRSTB.NS,SKIPPED,,,,,,,1.4,,,,already trained
IGL.NS,SKIPPED,,,,,,,2.8,,,,already trained
INDHOTEL.NS,SKIPPED,,,,,,,2.8,,,,already trained
INDIAMART.NS,SKIPPED,,,,,,,0.9,,,,already trained
INOXWIND.NS,SKIPPED,,,,,,,1.5,,,,already trained
IRFC.NS,SKIPPED,,,,,,,0.7,,,,already trained
UNITDSPR.NS,FAILED,,,,,,,,,,Only 483 rows (need 500),
JKCEMENT.NS,SKIPPED,,,,,,,2.6,,,,already trained
JUBLFOOD.NS,SKIPPED,,,,,,,2.0,,,,already trained
KAJARIACER.NS,SKIPPED,,,,,,,2.9,,,,already trained
KALYANKJIL.NS,SKIPPED,,,,,,,0.7,,,,already trained
KANSAINER.NS,SKIPPED,,,,,,,3.0,,,,already trained
KEC.NS,SKIPPED,,,,,,,2.8,,,,already trained
KPITTECH.NS,SKIPPED,,,,,,,1.0,,,,already trained
LALPATHLAB.NS,SKIPPED,,,,,,,1.4,,,,already trained
LAURUSLABS.NS,SKIPPED,,,,,,,1.3,,,,already trained
LICHSGFIN.NS,SKIPPED,,,,,,,2.8,,,,already trained
LTTS.NS,SKIPPED,,,,,,,1.3,,,,already trained
MARICO.NS,SKIPPED,,,,,,,3.5,,,,already trained
MAXHEALTH.NS,SKIPPED,,,,,,,0.8,,,,already trained
MCX.NS,SKIPPED,,,,,,,1.9,,,,already trained
METROPOLIS.NS,SKIPPED,,,,,,,1.0,,,,already trained
MFSL.NS,SKIPPED,,,,,,,3.4,,,,already trained
MOTHERSON.NS,SKIPPED,,,,,,,3.0,,,,already trained
MPHASIS.NS,SKIPPED,,,,,,,2.7,,,,already trained
MRF.NS,SKIPPED,,,,,,,2.8,,,,already trained
NATCOPHARM.NS,SKIPPED,,,,,,,3.5,,,,already trained
NBCC.NS,SKIPPED,,,,,,,1.8,,,,already trained
NCC.NS,SKIPPED,,,,,,,2.9,,,,already trained
NHPC.NS,SKIPPED,,,,,,,2.1,,,,already trained
NLCINDIA.NS,SKIPPED,,,,,,,3.1,,,,already trained
NYKAA.NS,SKIPPED,,,,,,,0.6,,,,already trained
OBEROIRLTY.NS,SKIPPED,,,,,,,2.1,,,,already trained
OFSS.NS,SKIPPED,,,,,,,2.8,,,,already trained
OIL.NS,SKIPPED,,,,,,,2.2,,,,already trained
OLECTRA.NS,SKIPPED,,,,,,,2.8,,,,already trained
PHOENIXLTD.NS,SKIPPED,,,,,,,2.2,,,,already trained
PRESTIGE.NS,SKIPPED,,,,,,,2.0,,,,already trained
PVRINOX.NS,SKIPPED,,,,,,,0.4,,,,already trained
RAIN.NS,SKIPPED,,,,,,,2.5,,,,already trained
RAJESHEXPO.NS,SKIPPED,,,,,,,3.0,,,,already trained
RAMCOCEM.NS,SKIPPED,,,,,,,2.9,,,,already trained
RITES.NS,SKIPPED,,,,,,,1.1,,,,already trained
SBICARD.NS,SKIPPED,,,,,,,0.8,,,,already trained
ISEC.NS,FAILED,,,,,,,,,,No data returned,
LTIM.NS,FAILED,,,,,,,,,,No data returned,
SJVN.NS,SKIPPED,,,,,,,2.0,,,,already trained
TATAMOTORS.NS,FAILED,,,,,,,,,,No data returned,
SCHAEFFLER.NS,OK,5675,4540,1135,0.4960,0.4935,0.4105,2.9,2003-06-19,2026-05-18,,
SOBHA.NS,OK,4532,3625,907,0.5006,0.4746,0.4612,2.5,2007-12-27,2026-05-18,,
SKFINDIA.NS,OK,5645,4516,1129,0.5013,0.4772,0.4753,2.9,2003-07-31,2026-05-18,,
SHREECEM.NS,OK,5935,4748,1187,0.5333,0.5338,0.5330,2.8,2002-06-19,2026-05-18,,
SONACOMS.NS,OK,959,767,192,0.5260,0.5402,0.4667,0.7,2022-06-29,2026-05-18,,
STARHEALTH.NS,OK,844,675,169,0.5799,0.5610,0.6667,0.6,2022-12-15,2026-05-18,,
SUMICHEM.NS,OK,1309,1047,262,0.5229,0.4912,0.5221,0.8,2021-01-29,2026-05-18,,
SYNGENE.NS,OK,2405,1924,481,0.5094,0.4986,0.5023,1.4,2016-08-22,2026-05-18,,
SUNDARMFIN.NS,OK,5675,4540,1135,0.5004,0.4937,0.5306,2.7,2003-06-19,2026-05-18,,
SUPREMEIND.NS,OK,5675,4540,1135,0.5101,0.4837,0.4925,2.7,2003-06-19,2026-05-18,,
SUNDRMFAST.NS,OK,5676,4540,1136,0.5009,0.4655,0.4623,2.9,2003-06-18,2026-05-18,,
TATACOMM.NS,OK,5675,4540,1135,0.4784,0.4561,0.4390,2.8,2003-06-19,2026-05-18,,
TATAELXSI.NS,OK,5675,4540,1135,0.5154,0.4901,0.5126,2.8,2003-06-19,2026-05-18,,
TEAMLEASE.NS,OK,2280,1824,456,0.4781,0.4247,0.4700,1.4,2017-02-21,2026-05-18,,
TATAINVEST.NS,OK,7356,5884,1472,0.5020,0.4990,0.5333,3.7,1996-12-18,2026-05-18,,
TATAPOWER.NS,OK,7370,5896,1474,0.5149,0.5398,0.5807,3.7,1996-12-18,2026-05-18,,
TIINDIA.NS,OK,1857,1485,372,0.4973,0.4775,0.4912,1.2,2018-11-09,2026-05-18,,
THERMAX.NS,OK,5677,4541,1136,0.5018,0.5154,0.4000,2.8,2003-06-18,2026-05-18,,
TITAGARH.NS,OK,4204,3363,841,0.5101,0.4909,0.5082,2.3,2009-05-08,2026-05-18,,
TORNTPOWER.NS,OK,4549,3639,910,0.4945,0.5021,0.5138,2.3,2007-12-03,2026-05-18,,
UBLLTD.NS,FAILED,,,,,,,,,,No data returned,
TIMKEN.NS,OK,4754,3803,951,0.5152,0.5090,0.4239,2.4,2007-02-06,2026-05-18,,
UJJIVANSFB.NS,OK,1340,1072,268,0.5000,0.4854,0.5422,0.8,2020-12-15,2026-05-18,,
TRITURBINE.NS,OK,3336,2668,668,0.4865,0.4514,0.4511,1.9,2012-11-06,2026-05-18,,
TRIDENT.NS,OK,5675,4540,1135,0.5533,0.4764,0.5355,2.9,2003-06-19,2026-05-18,,
VBL.NS,OK,2102,1681,421,0.4679,0.4468,0.4323,1.3,2017-11-13,2026-05-18,,
VGUARD.NS,OK,4226,3380,846,0.5024,0.4795,0.4966,2.2,2009-03-31,2026-05-18,,
WHIRLPOOL.NS,OK,4063,3250,813,0.4403,0.4382,0.4336,2.1,2003-07-31,2026-05-18,,
ZENTEC.NS,OK,2497,1997,500,0.5340,0.5965,0.6000,1.5,2016-04-07,2026-05-18,,
WOCKPHARMA.NS,OK,5677,4541,1136,0.5000,0.4774,0.4858,2.9,2003-06-18,2026-05-18,,
ZEEL.NS,OK,5675,4540,1135,0.4978,0.4787,0.5312,2.9,2003-06-19,2026-05-18,,
ZENSARTECH.NS,OK,5675,4540,1135,0.4969,0.4808,0.5000,2.7,2003-06-19,2026-05-18,,
3MINDIA.NS,OK,5673,4538,1135,0.5040,0.4424,0.4591,2.9,2003-06-19,2026-05-18,,
AEGISCHEM.NS,FAILED,,,,,,,,,,No data returned,
AARTIDRUGS.NS,OK,5357,4285,1072,0.5205,0.4650,0.5634,2.8,2004-09-08,2026-05-18,,
ABBOTINDIA.NS,OK,4037,3229,808,0.5025,0.4608,0.4505,2.0,2010-01-08,2026-05-18,,
AFFLE.NS,OK,1422,1137,285,0.5053,0.4507,0.5000,0.9,2020-08-19,2026-05-18,,
AMBER.NS,OK,1796,1436,360,0.5500,0.5723,0.5974,1.1,2019-02-06,2026-05-18,,
ANGELONE.NS,OK,1138,910,228,0.5307,0.5422,0.5122,0.8,2021-10-08,2026-05-18,,
ALKEM.NS,OK,2315,1852,463,0.5292,0.5370,0.5192,1.4,2017-01-02,2026-05-18,,
APTUS.NS,OK,918,734,184,0.5326,0.4154,0.4242,0.6,2022-08-29,2026-05-18,,
AJANTPHARM.NS,OK,5674,4539,1135,0.5225,0.5048,0.4700,2.9,2003-06-19,2026-05-18,,
AVANTIFEED.NS,OK,3756,3004,752,0.4840,0.4767,0.5038,2.1,2011-01-10,2026-05-18,,
APOLLOTYRE.NS,OK,5807,4645,1162,0.5293,0.5305,0.4641,2.8,2002-12-19,2026-05-18,,
BAYERCROP.NS,OK,3786,3028,758,0.5211,0.4874,0.4597,2.1,2011-01-10,2026-05-18,,
BASF.NS,OK,5675,4540,1135,0.4969,0.4709,0.4317,2.9,2003-06-19,2026-05-18,,
BBTC.NS,OK,5676,4540,1136,0.5035,0.4617,0.5208,2.7,2003-06-18,2026-05-18,,
BLUEDART.NS,OK,5675,4540,1135,0.5084,0.4772,0.5286,3.0,2003-06-19,2026-05-18,,
BLUESTARCO.NS,OK,5675,4540,1135,0.5189,0.5365,0.5394,3.0,2003-06-19,2026-05-18,,
BRIGADE.NS,OK,4279,3423,856,0.4638,0.4684,0.5000,2.2,2009-01-12,2026-05-18,,
BSE.NS,OK,2041,1632,409,0.5452,0.5668,0.6103,1.3,2018-02-08,2026-05-18,,
CENTURYTEX.NS,FAILED,,,,,,,,,,No data returned,
CAMPUS.NS,OK,744,595,149,0.5503,0.4615,0.5000,0.5,2023-05-15,2026-05-18,,
CHEMCON.NS,OK,1137,909,228,0.5307,0.4390,0.4444,0.8,2021-10-07,2026-05-18,,
CIGNITI.NS,FAILED,,,,,,,,,,No data returned,
CLEAN.NS,OK,942,753,189,0.4656,0.4342,0.3516,0.6,2022-07-22,2026-05-18,,
CCL.NS,OK,5172,4137,1035,0.5159,0.5020,0.5362,2.7,2005-06-01,2026-05-18,,
CARBORUNIV.NS,OK,5676,4540,1136,0.5326,0.5112,0.4417,3.0,2003-06-18,2026-05-18,,
AAVAS.NS,OK,1627,1301,326,0.5153,0.4565,0.5106,1.0,2019-10-23,2026-05-18,,
CHAMBLFERT.NS,OK,5675,4540,1135,0.5339,0.5331,0.5322,2.9,2003-06-19,2026-05-18,,
AETHER.NS,OK,725,580,145,0.5517,0.5357,0.5882,0.5,2023-06-09,2026-05-18,,
AGIIL.NS,FAILED,,,,,,,,,,Only 457 rows (need 500),
ADANIPOWER.NS,OK,3878,3102,776,0.5760,0.5424,0.5581,2.0,2010-08-27,2026-05-18,,
AGROPHOS.NS,OK,2014,1611,403,0.5533,0.4788,0.5056,1.2,2018-03-20,2026-05-18,,
ACE.NS,OK,4591,3672,919,0.5245,0.5113,0.4505,2.5,2007-10-03,2026-05-18,,
ACCELYA.NS,OK,5675,4540,1135,0.5110,0.4851,0.5590,2.7,2003-06-19,2026-05-18,,
AIIL.NS,OK,259,207,52,0.4423,0.3333,0.0000,0.2,2025-04-30,2026-05-18,,
ALANKIT.NS,OK,2433,1946,487,0.5421,0.4151,0.4848,1.5,2016-07-08,2026-05-18,,
AKZOINDIA.NS,OK,5674,4539,1135,0.5260,0.5010,0.5223,3.0,2003-06-19,2026-05-15,,
ALEMBICLTD.NS,OK,5682,4545,1137,0.4943,0.4558,0.4859,2.7,2003-06-18,2026-05-18,,
ALICON.NS,OK,4576,3660,916,0.5153,0.4649,0.4503,2.6,2007-10-09,2026-05-18,,
ALKYLAMINE.NS,OK,4302,3441,861,0.4634,0.4062,0.4010,2.4,2008-12-04,2026-05-18,,
ALLCARGO.NS,OK,4657,3725,932,0.4818,0.4308,0.4420,2.3,2007-06-29,2026-05-18,,
AMJLAND.NS,FAILED,,,,,,,,,,No data returned,
AMARAJABAT.NS,FAILED,,,,,,,,,,No data returned,
ANGELBRKG.NS,FAILED,,,,,,,,,,No data returned,
ANANTRAJ.NS,OK,4590,3672,918,0.5076,0.5533,0.5794,2.5,2007-10-04,2026-05-18,,
ANDHRSUGAR.NS,OK,5676,4540,1136,0.4991,0.4641,0.4945,2.8,2003-06-18,2026-05-18,,
ANSALAPI.NS,OK,4754,3803,951,0.7024,0.5626,0.5737,2.6,2007-02-05,2026-05-18,,
APARINDS.NS,OK,5147,4117,1030,0.5146,0.5293,0.5535,2.7,2005-07-06,2026-05-18,,
APOLLOPIPE.NS,OK,1362,1089,273,0.5311,0.4286,0.3846,0.9,2020-11-12,2026-05-18,,
ARCOTECH.NS,OK,1583,1266,317,0.6057,0.3379,0.5185,1.0,2015-04-30,2021-09-27,,
ARFIN.NS,FAILED,,,,,,,,,,No data returned,
ARIHANTCAP.NS,FAILED,,,,,,,,,,No data returned,
ARMANFIN.NS,OK,2199,1759,440,0.5114,0.4516,0.4825,1.3,2017-06-21,2026-05-18,,
ARVINDFASN.NS,OK,1524,1219,305,0.5574,0.5137,0.5510,1.0,2020-03-20,2026-05-18,,
ARROWGREEN.NS,OK,2462,1969,493,0.5761,0.5080,0.5333,1.4,2016-05-30,2026-05-18,,
ARVIND.NS,OK,5678,4542,1136,0.4930,0.4653,0.4768,2.7,2003-06-18,2026-05-18,,
ASALCBR.NS,OK,1296,1036,260,0.5154,0.4304,0.4205,0.8,2021-02-16,2026-05-18,,
ASAHIINDIA.NS,OK,5674,4539,1135,0.5031,0.4657,0.4593,2.6,2003-06-19,2026-05-18,,
ASHIANA.NS,OK,3417,2733,684,0.5263,0.4915,0.5400,1.9,2012-07-06,2026-05-18,,
ASMTEC.NS,FAILED,,,,,,,,,,No data returned,
ASKAUTOLTD.NS,OK,360,288,72,0.5139,0.5152,0.5238,0.3,2024-12-02,2026-05-18,,
ATGL.NS,OK,1608,1286,322,0.5466,0.4938,0.4333,1.0,2019-11-20,2026-05-18,,
AUROBINDO.NS,FAILED,,,,,,,,,,No data returned,
ATIL.NS,FAILED,,,,,,,,,,No data returned,
AZAD.NS,OK,337,269,68,0.4853,0.5000,0.6000,0.3,2025-01-07,2026-05-18,,
AXISGOLD.NS,OK,1638,1310,328,0.5183,0.6111,0.5000,1.0,2019-08-27,2026-05-18,,
ASHIMASYN.NS,OK,5675,4540,1135,0.5639,0.4889,0.5491,2.7,2003-06-19,2026-05-18,,
AVTNPL.NS,OK,4518,3614,904,0.5177,0.4435,0.4783,2.4,2008-01-15,2026-05-18,,
BAJAJCON.NS,OK,3633,2906,727,0.4869,0.4827,0.5038,2.0,2011-08-19,2026-05-18,,
BALAJITELE.NS,OK,5677,4541,1136,0.4930,0.4494,0.4369,2.7,2003-06-18,2026-05-18,,
BALMLAWRIE.NS,OK,5675,4540,1135,0.5269,0.5194,0.5306,2.6,2003-06-19,2026-05-18,,
BARBEQUE.NS,FAILED,,,,,,,,,,No data returned,
BANSWRAS.NS,OK,4458,3566,892,0.5090,0.4693,0.4545,2.3,2008-04-11,2026-05-18,,
BDHL.NS,FAILED,,,,,,,,,,No data returned,
BANARISUG.NS,OK,5675,4540,1135,0.5427,0.5073,0.5380,3.1,2003-06-18,2026-05-18,,
BASML.NS,OK,4806,3844,962,0.4948,0.4222,0.4362,2.6,2006-11-20,2026-05-18,,
BHAGCHEM.NS,OK,879,703,176,0.5625,0.4950,0.5400,0.6,2022-10-21,2026-05-18,,
BFUTILITIE.NS,OK,4446,3556,890,0.5258,0.4610,0.4593,2.4,2008-05-06,2026-05-18,,
BEML.NS,OK,5675,4540,1135,0.5278,0.5193,0.5417,2.9,2003-06-19,2026-05-18,,
BHANDARI.NS,OK,2045,1636,409,0.6137,0.5441,0.5333,1.2,2018-02-02,2026-05-18,,
BIKAJI.NS,OK,612,489,123,0.4797,0.4219,0.6364,0.5,2023-11-22,2026-05-18,,
BINDALAGRO.NS,FAILED,,,,,,,,,,No data returned,
BKMINDST.NS,OK,2150,1720,430,0.7977,0.7193,0.7358,1.2,2016-04-07,2024-12-20,,
BHARATFORG.NS,OK,7369,5895,1474,0.5047,0.5255,0.5278,3.7,1996-12-18,2026-05-18,,
BHARATRAS.NS,OK,5671,4536,1135,0.4881,0.4284,0.3993,3.1,2003-06-18,2026-05-18,,
BOROLTD.NS,OK,1190,952,238,0.4496,0.3871,0.3650,0.8,2021-07-26,2026-05-18,,
BIRLACORPN.NS,OK,5675,4540,1135,0.5128,0.4956,0.4913,2.8,2003-06-19,2026-05-18,,
BOROSIL.NS,FAILED,,,,,,,,,,No data returned,
BQLIND.NS,FAILED,,,,,,,,,,No data returned,
CRAFTSMAN.NS,OK,1017,813,204,0.5098,0.4836,0.4762,0.7,2022-04-01,2026-05-18,,
CYIENTDLM.NS,OK,453,362,91,0.4945,0.4545,0.2500,0.4,2024-07-22,2026-05-18,,
CREATIVSER.NS,FAILED,,,,,,,,,,No data returned,
DBCORP.NS,OK,3787,3029,758,0.5264,0.5331,0.4800,1.9,2011-01-06,2026-05-18,,
CRISIL.NS,OK,5678,4542,1136,0.5062,0.4828,0.4776,2.9,2003-06-18,2026-05-18,,
DALMIASUG.NS,OK,5673,4538,1135,0.5119,0.4611,0.4500,2.8,2003-06-19,2026-05-18,,
DCXSYS.NS,FAILED,,,,,,,,,,No data returned,
DATAMATICS.NS,OK,5193,4154,1039,0.5390,0.5109,0.5210,2.6,2005-05-03,2026-05-18,,
DOMS.NS,OK,341,272,69,0.4928,0.4595,0.5294,0.3,2024-12-31,2026-05-18,,
DUROPLY.NS,FAILED,,,,,,,,,,No data returned,
EASEMYTRIP.NS,OK,1023,818,205,0.4829,0.3721,0.4722,0.7,2022-03-28,2026-05-18,,
EFCLTD.NS,FAILED,,,,,,,,,,No data returned,
DYNAMATECH.NS,OK,4598,3678,920,0.5304,0.5387,0.5172,2.3,2007-09-20,2026-05-18,,
DCMSHRIRAM.NS,OK,5674,4539,1135,0.4978,0.4689,0.4726,2.8,2003-06-19,2026-05-18,,
DREDGECORP.NS,OK,5273,4218,1055,0.5251,0.4963,0.5000,2.8,2005-01-05,2026-05-18,,
EMKAYTOOLS.NS,OK,1935,1548,387,0.4238,0.4229,0.4197,1.2,2018-03-21,2026-05-15,,
ENDURANCE.NS,OK,2115,1692,423,0.4775,0.4470,0.4783,1.3,2017-10-25,2026-05-18,,
EIDPARRY.NS,OK,5677,4541,1136,0.5308,0.5247,0.5220,2.6,2003-06-18,2026-05-18,,
EPIGRAL.NS,OK,410,328,82,0.4390,0.1429,0.2500,0.3,2024-09-16,2026-05-18,,
EQUITASBNK.NS,OK,1118,894,224,0.5045,0.4234,0.4000,0.7,2021-11-09,2026-05-18,,
ELECON.NS,OK,4588,3670,918,0.4989,0.4989,0.5405,2.4,2007-10-08,2026-05-18,,
EUROBATIND.NS,FAILED,,,,,,,,,,No data returned,
ETHOSLTD.NS,OK,728,582,146,0.5274,0.4366,0.4848,0.5,2023-06-05,2026-05-18,,
EXLSERVICE.NS,FAILED,,,,,,,,,,No data returned,
FAIRCHEM.NS,FAILED,,,,,,,,,,No data returned,
ESSARSHPNG.NS,OK,3325,2660,665,0.5263,0.4133,0.4143,1.8,2012-11-22,2026-05-18,,
ENIL.NS,OK,4742,3793,949,0.4868,0.4587,0.5026,2.5,2007-02-23,2026-05-18,,
FINOLEX.NS,FAILED,,,,,,,,,,No data returned,
FINOPB.NS,OK,863,690,173,0.4104,0.3609,0.3448,0.6,2022-11-18,2026-05-18,,
FINEORG.NS,OK,1692,1353,339,0.4985,0.3922,0.4783,1.1,2019-07-15,2026-05-18,,
FOODWORKS.NS,FAILED,,,,,,,,,,No data returned,
FORCE.NS,FAILED,,,,,,,,,,No data returned,
GANDHAR.NS,OK,356,284,72,0.6528,0.5652,0.7778,0.3,2024-12-10,2026-05-18,,
GARNET.NS,FAILED,,,,,,,,,,No data returned,
FCSSOFT.NS,OK,4837,3869,968,0.5723,0.3324,0.3200,2.7,2006-09-27,2026-05-18,,
FLFL.NS,OK,2859,2287,572,0.6626,0.7436,0.7500,1.7,2014-10-13,2026-05-18,,
GARFIBRES.NS,OK,4716,3772,944,0.4905,0.4510,0.4669,2.5,2007-04-03,2026-05-18,,
GLOBUSSPR.NS,OK,3854,3083,771,0.4929,0.4457,0.4426,1.9,2010-09-30,2026-05-18,,
GLODYNE.NS,FAILED,,,,,,,,,,Only 52 rows (need 500),
GEOJITFSL.NS,OK,4897,3917,980,0.5184,0.5023,0.5180,2.6,2006-07-10,2026-05-18,,
GHCL.NS,OK,7370,5896,1474,0.5047,0.4899,0.4956,3.3,1996-12-18,2026-05-18,,
GPTINFRA.NS,OK,2181,1744,437,0.5263,0.4754,0.4423,1.3,2017-07-18,2026-05-18,,
GPIL.NS,OK,4699,3759,940,0.5074,0.5034,0.4694,2.6,2007-04-30,2026-05-18,,
GNFC.NS,OK,5675,4540,1135,0.4916,0.5071,0.5848,2.7,2003-06-19,2026-05-18,,
GRAVITA.NS,OK,3571,2856,715,0.5231,0.5012,0.4963,2.1,2011-11-24,2026-05-18,,
GREENPANEL.NS,OK,1375,1100,275,0.5309,0.4605,0.5000,0.9,2020-10-26,2026-05-18,,
GRINFRA.NS,OK,942,753,189,0.5820,0.6167,0.5500,0.6,2022-07-22,2026-05-18,,
GRAPHITE.NS,OK,5676,4540,1136,0.5141,0.4735,0.5263,2.9,2003-06-19,2026-05-18,,
GREENPOWER.NS,OK,3597,2877,720,0.5736,0.5000,0.5524,1.9,2011-10-13,2026-05-18,,
GRSE.NS,OK,1616,1292,324,0.5370,0.4936,0.4651,1.0,2019-11-07,2026-05-18,,
HARDWYN.NS,OK,759,607,152,0.5197,0.6271,0.6341,0.5,2023-04-20,2026-05-18,,
GULFOILLUB.NS,OK,2656,2124,532,0.5451,0.4959,0.5859,1.5,2015-08-12,2026-05-18,,
GUFICBIO.NS,OK,5077,4061,1016,0.4911,0.4450,0.4947,2.7,2005-10-17,2026-05-18,,
HEMIPROP.NS,OK,1125,900,225,0.5867,0.5676,0.5897,0.7,2021-10-28,2026-05-18,,
HATHWAY.NS,OK,3753,3002,751,0.5113,0.4423,0.4762,2.0,2011-02-25,2026-05-18,,
HIL.NS,FAILED,,,,,,,,,,No data returned,
HERITGFOOD.NS,OK,5675,4540,1135,0.5128,0.4932,0.4766,2.7,2003-06-19,2026-05-18,,
HLEGLAS.NS,OK,1041,832,209,0.5120,0.4483,0.4444,0.7,2022-02-28,2026-05-18,,
HIKAL.NS,OK,5675,4540,1135,0.5075,0.4726,0.5079,2.9,2003-06-18,2026-05-18,,
HOMEFIRST.NS,OK,1053,842,211,0.4597,0.4059,0.3833,0.7,2022-02-09,2026-05-18,,
HIRECT.NS,OK,4529,3623,906,0.5386,0.5575,0.5745,2.4,2008-01-02,2026-05-18,,
IDEAFORGE.NS,OK,454,363,91,0.5275,0.5588,0.7778,0.3,2024-07-19,2026-05-18,,
ICICIB22.NS,OK,1335,1068,267,0.5543,0.5687,0.6038,0.9,2020-12-17,2026-05-18,,
HMT.NS,OK,5673,4538,1135,0.5833,0.5249,0.6651,2.7,2003-06-19,2026-05-18,,
GTLINFRA.NS,OK,5644,4515,1129,0.7104,0.5950,0.6829,3.1,2003-07-31,2026-05-18,,
IGPL.NS,OK,4506,3604,902,0.5554,0.5118,0.4851,2.4,2008-01-31,2026-05-18,,
IITL.NS,OK,3592,2873,719,0.5369,0.5171,0.5435,2.0,2011-08-18,2026-05-18,,
INDIGOPNTS.NS,OK,1055,844,211,0.4976,0.4240,0.5238,0.7,2022-02-08,2026-05-18,,
IMAGICAA.NS,OK,2493,1994,499,0.4930,0.4407,0.5464,1.5,2016-04-12,2026-05-18,,
IMFA.NS,OK,3651,2920,731,0.4952,0.5065,0.4960,2.1,2011-07-25,2026-05-18,,
INNOVATORS.NS,FAILED,,,,,,,,,,No data returned,
INDORAMA.NS,OK,5644,4515,1129,0.4863,0.4196,0.4795,2.8,2003-07-31,2026-05-18,,
INDOSTAR.NS,OK,1722,1377,345,0.5101,0.4696,0.4524,1.1,2019-05-31,2026-05-18,,
INDIACEM.NS,OK,7369,5895,1474,0.5156,0.5093,0.4915,3.5,1996-12-19,2026-05-18,,
INSECTICID.NS,OK,4426,3540,886,0.5305,0.5040,0.5258,2.3,2008-06-03,2026-05-18,,
INTELLECT.NS,OK,2565,2052,513,0.5146,0.4795,0.4595,1.5,2015-12-29,2026-05-18,,
IPL.NS,OK,951,760,191,0.5236,0.4677,0.4521,0.6,2022-07-08,2026-05-18,,
INVENTURE.NS,OK,3390,2712,678,0.6814,0.4737,0.6667,1.9,2012-08-13,2026-05-18,,
IRCON.NS,OK,1632,1305,327,0.4587,0.4138,0.4339,1.0,2019-10-15,2026-05-18,,
ITDC.NS,OK,2064,1651,413,0.4964,0.4508,0.4556,1.2,2018-01-04,2026-05-18,,
IPCALAB.NS,OK,7369,5895,1474,0.4973,0.4805,0.4341,3.5,1996-12-18,2026-05-18,,
IRB.NS,OK,4239,3391,848,0.4953,0.4669,0.5126,2.3,2009-03-13,2026-05-18,,
ISFT.NS,OK,3722,2977,745,0.5275,0.4824,0.4947,2.1,2011-04-08,2026-05-18,,
JAMNAAUTO.NS,OK,3554,2843,711,0.5120,0.4954,0.5083,1.9,2011-12-20,2026-05-18,,
J&KBANK.NS,OK,5047,4037,1010,0.5168,0.5029,0.5529,2.6,2003-07-31,2026-05-18,,
JAICORPLTD.NS,OK,5634,4507,1127,0.5253,0.4938,0.5701,2.9,2003-08-19,2026-05-18,,
JAYAGROGN.NS,OK,5676,4540,1136,0.5123,0.4628,0.5082,2.8,2003-06-18,2026-05-18,,
JAYNECOIND.NS,OK,5676,4540,1136,0.5493,0.5109,0.5762,2.9,2003-06-18,2026-05-18,,
JBMA.NS,OK,5034,4027,1007,0.5025,0.4511,0.5038,2.7,2005-12-20,2026-05-18,,
JKIL.NS,OK,4248,3398,850,0.5400,0.5256,0.5818,2.4,2009-02-26,2026-05-18,,
JBCHEPHARM.NS,OK,5675,4540,1135,0.5004,0.5023,0.4906,2.8,2003-06-19,2026-05-18,,
JKLAKSHMI.NS,OK,4661,3728,933,0.4877,0.4522,0.4379,2.5,2007-06-25,2026-05-18,,
JKPAPER.NS,OK,4908,3926,982,0.4949,0.4634,0.4823,2.6,2006-06-23,2026-05-18,,
JMFINANCIL.NS,OK,4582,3665,917,0.4820,0.4844,0.4860,2.5,2007-10-16,2026-05-18,,
JKTYRE.NS,OK,5149,4119,1030,0.5291,0.5133,0.5229,2.7,2005-06-07,2026-05-18,,
JUBLINGREA.NS,OK,1023,818,205,0.5317,0.4959,0.5286,0.7,2022-03-28,2026-05-18,,
JUNIPR.NS,FAILED,,,,,,,,,,No data returned,
JPPOWER.NS,OK,4952,3961,991,0.5742,0.4839,0.5275,2.7,2006-04-24,2026-05-18,,
JSWENERGY.NS,OK,3789,3031,758,0.5079,0.4964,0.5224,2.1,2011-01-05,2026-05-18,,
JTEKTINDIA.NS,OK,5277,4221,1056,0.4839,0.4689,0.4890,2.8,2004-12-30,2026-05-18,,
JUSTDIAL.NS,OK,2942,2353,589,0.5399,0.4749,0.4918,1.7,2014-06-12,2026-05-18,,
KALPATPOWR.NS,FAILED,,,,,,,,,,No data returned,
JYOTHYLAB.NS,OK,4285,3428,857,0.4936,0.4710,0.4772,2.2,2008-12-31,2026-05-18,,
KARNATAK.NS,FAILED,,,,,,,,,,No data returned,
KAYNES.NS,OK,609,487,122,0.4754,0.4444,0.4667,0.4,2023-11-29,2026-05-18,,
KABRAEXTRU.NS,OK,5677,4541,1136,0.5264,0.4612,0.4840,3.0,2003-06-18,2026-05-18,,
JYOTISTRUC.NS,OK,7327,5861,1466,0.5880,0.5293,0.5973,3.7,1996-12-18,2026-05-18,,
KFINTECH.NS,OK,582,465,117,0.4359,0.4037,0.4091,0.4,2024-01-08,2026-05-18,,
KHADIM.NS,OK,1849,1479,370,0.5135,0.4057,0.3462,1.1,2018-11-21,2026-05-18,,
KILPEST.NS,FAILED,,,,,,,,,,No data returned,
KINETIC.NS,FAILED,,,,,,,,,,No data returned,
KHAITANLTD.NS,OK,5222,4177,1045,0.5368,0.5000,0.5049,3.0,2003-06-19,2026-05-18,,
KESORAMIND.NS,OK,7373,5898,1475,0.5071,0.4931,0.4802,3.6,1996-12-18,2026-05-18,,
KPIL.NS,OK,462,369,93,0.5054,0.4925,0.5500,0.4,2024-07-01,2026-05-18,,
KITEX.NS,OK,3111,2488,623,0.5329,0.5123,0.6232,1.8,2013-10-04,2026-05-18,,
KNRCON.NS,OK,4244,3395,849,0.4582,0.3975,0.4423,2.1,2009-03-04,2026-05-18,,
LATENTVIEW.NS,OK,857,685,172,0.4128,0.3448,0.3085,0.6,2022-11-28,2026-05-18,,
LAXMIMACH.NS,FAILED,,,,,,,,,,No data returned,
KSCL.NS,OK,4337,3469,868,0.4677,0.4688,0.4286,2.3,2008-10-10,2026-05-18,,
KRBL.NS,OK,5785,4628,1157,0.4996,0.4654,0.4323,2.9,2003-01-13,2026-05-18,,
LLOYDSENGG.NS,OK,387,309,78,0.4872,0.4844,0.5532,0.3,2024-10-18,2026-05-18,,
LNTFH.NS,FAILED,,,,,,,,,,No data returned,
KANORICHEM.NS,OK,5678,4542,1136,0.5185,0.4356,0.4342,3.0,2003-06-18,2026-05-18,,
LGBBROSLTD.NS,OK,4196,3356,840,0.5119,0.5100,0.5266,2.1,2009-01-13,2026-05-18,,
LUXIND.NS,OK,2332,1865,467,0.5289,0.4463,0.4237,1.4,2016-12-09,2026-05-18,,
LEMONTREE.NS,OK,1751,1400,351,0.5071,0.4633,0.6173,1.1,2019-04-16,2026-05-18,,
MAHINDCIE.NS,FAILED,,,,,,,,,,No data returned,
MAHAPEXLTD.NS,OK,1751,1400,351,0.4986,0.4397,0.4744,1.0,2019-04-12,2026-05-18,,
LOTUSEYE.NS,OK,4145,3316,829,0.5392,0.4945,0.5301,2.4,2009-07-28,2026-05-18,,
MANKIND.NS,OK,495,396,99,0.4646,0.4697,0.4643,0.4,2024-05-17,2026-05-18,,
MANAPPURAM.NS,OK,3668,2934,734,0.5232,0.5202,0.5783,1.9,2011-06-30,2026-05-18,,
MARATHON.NS,OK,2127,1701,426,0.5681,0.5112,0.5079,1.3,2017-10-06,2026-05-18,,
MANINDS.NS,OK,4903,3922,981,0.5046,0.4696,0.4600,2.6,2006-07-03,2026-05-18,,
MANGLMCEM.NS,OK,5673,4538,1135,0.5075,0.4893,0.4854,2.9,2003-06-19,2026-05-18,,
MATRIMONY.NS,OK,1884,1507,377,0.4828,0.3846,0.2791,1.2,2018-09-27,2026-05-18,,
MEDPLUS.NS,OK,833,666,167,0.5269,0.4925,0.4444,0.6,2022-12-28,2026-05-18,,
MAYURUNIQ.NS,OK,3109,2487,622,0.5257,0.4828,0.4576,1.8,2013-10-04,2026-05-18,,
MARKSANS.NS,OK,5661,4528,1133,0.4960,0.4758,0.4654,3.0,2003-07-08,2026-05-18,,
MASTEK.NS,OK,5678,4542,1136,0.5088,0.4768,0.5013,2.7,2003-06-18,2026-05-18,,
MINDA.NS,FAILED,,,,,,,,,,No data returned,
MIDHANI.NS,OK,1754,1403,351,0.5271,0.5023,0.5373,1.1,2019-04-11,2026-05-18,,
MITCON.NS,OK,1891,1512,379,0.4538,0.4493,0.4532,1.2,2018-03-20,2026-05-18,,
MSTCLTD.NS,OK,1510,1208,302,0.5464,0.4821,0.5000,1.0,2020-04-15,2026-05-18,,
MMTC.NS,OK,3786,3028,758,0.5726,0.5250,0.5593,2.1,2011-01-10,2026-05-18,,
MOIL.NS,OK,3551,2840,711,0.5274,0.5047,0.5207,2.0,2011-12-23,2026-05-18,,
NACLIND.NS,OK,1998,1598,400,0.5400,0.5159,0.5814,1.2,2018-04-16,2026-05-18,,
MUTHOOTCAP.NS,OK,2395,1916,479,0.4990,0.4779,0.4667,1.5,2016-09-02,2026-05-18,,
MRPL.NS,OK,7056,5644,1412,0.5007,0.4699,0.4696,3.7,1996-12-18,2026-05-18,,
NAGAFERT.NS,OK,4486,3588,898,0.5813,0.4864,0.6176,2.4,2003-07-31,2026-05-18,,
NAVINFLUOR.NS,OK,4424,3539,885,0.5254,0.5444,0.5880,2.4,2008-06-05,2026-05-18,,
NESCO.NS,OK,4209,3367,842,0.5166,0.4952,0.5098,2.3,2009-04-28,2026-05-18,,
NILE.NS,FAILED,,,,,,,,,,Only 20 rows (need 500),
NIACL.NS,OK,1850,1480,370,0.5595,0.5286,0.5610,1.2,2018-11-20,2026-05-18,,
NIRAJ.NS,OK,1138,910,228,0.4254,0.4028,0.4080,0.7,2021-10-07,2026-05-18,,
NUVOCO.NS,OK,919,735,184,0.5000,0.4623,0.4407,0.6,2022-08-26,2026-05-18,,
NETWORK18.NS,OK,4817,3853,964,0.4886,0.4343,0.5122,2.3,2004-04-19,2026-05-18,,
OPTIEMUS.NS,OK,1914,1531,383,0.5405,0.4747,0.5349,1.1,2018-08-10,2026-05-18,,
NIITLTD.NS,OK,5800,4640,1160,0.5371,0.4853,0.5203,2.7,2002-12-19,2026-05-18,,
OSIAJEE.NS,FAILED,,,,,,,,,,No data returned,
NOCIL.NS,OK,5675,4540,1135,0.4996,0.4688,0.5073,2.9,2003-06-19,2026-05-18,,
ORISSAMINE.NS,OK,3604,2883,721,0.5700,0.5306,0.5889,2.0,2011-10-03,2026-05-18,,
PANAMAPET.NS,OK,3352,2681,671,0.4814,0.4609,0.4733,1.9,2012-10-10,2026-05-18,,
PALREDTEC.NS,OK,5186,4148,1038,0.5626,0.4729,0.6547,2.7,2005-03-08,2026-05-18,,
PATINTLOG.NS,OK,4268,3414,854,0.5117,0.4401,0.4627,2.2,2009-01-23,2026-05-18,,
PATELENG.NS,OK,4987,3989,998,0.5361,0.4758,0.5143,2.7,2006-02-28,2026-05-18,,
PCJEWELLER.NS,OK,3051,2440,611,0.5712,0.5357,0.6099,1.8,2014-01-02,2026-05-18,,
PGINDUSTRY.NS,FAILED,,,,,,,,,,No data returned,
PDSL.NS,OK,2602,2081,521,0.4741,0.4109,0.4188,1.5,2015-10-30,2026-05-18,,
PENIND.NS,OK,3564,2851,713,0.4881,0.4620,0.4437,2.0,2011-12-02,2026-05-18,,
PILANIINVS.NS,OK,3128,2502,626,0.4920,0.4848,0.4695,1.8,2012-11-05,2026-05-18,,
PGIL.NS,OK,4495,3596,899,0.5028,0.4919,0.5130,2.4,2008-02-18,2026-05-18,,
POKARNA.NS,OK,2184,1747,437,0.5217,0.4881,0.5000,1.3,2017-07-14,2026-05-18,,
PLASTIBLEN.NS,OK,4528,3622,906,0.5254,0.4907,0.4708,2.5,2008-01-03,2026-05-18,,
POLYMED.NS,OK,3311,2648,663,0.4781,0.4277,0.4019,1.9,2012-12-14,2026-05-18,,
POWERMECH.NS,OK,2393,1914,479,0.5094,0.4813,0.5100,1.4,2016-09-07,2026-05-18,,
POONAWALLA.NS,OK,5201,4160,1041,0.5024,0.4856,0.5946,2.6,2005-04-21,2026-05-18,,
PRINCEPIPE.NS,OK,1328,1062,266,0.5188,0.4797,0.4776,0.9,2020-12-31,2026-05-18,,
PRISMJOINTS.NS,FAILED,,,,,,,,,,No data returned,
PRAKASH.NS,OK,5675,4540,1135,0.5251,0.4913,0.4844,2.9,2003-06-19,2026-05-18,,
PTCIL.NS,OK,472,377,95,0.5158,0.4722,0.4737,0.4,2024-06-21,2026-05-18,,
PRICOLLTD.NS,OK,5647,4517,1130,0.4965,0.5096,0.4950,2.9,2003-06-18,2026-05-18,,
PSPPROJECT.NS,OK,1963,1570,393,0.5115,0.4974,0.5190,1.2,2018-06-01,2026-05-18,,
PRIVISCL.NS,OK,2471,1976,495,0.5253,0.5560,0.5738,1.4,2016-05-17,2026-05-18,,
PURVA.NS,OK,4361,3488,873,0.5258,0.4948,0.5161,2.2,2008-09-04,2026-05-18,,
RADHIKJWE.NS,FAILED,,,,,,,,,,No data returned,
QUESS.NS,OK,2181,1744,437,0.5286,0.4796,0.5000,1.3,2017-07-19,2026-05-18,,
RAILTEL.NS,OK,1037,829,208,0.5192,0.4066,0.5429,0.7,2022-03-07,2026-05-18,,
RAJRATAN.NS,OK,1231,984,247,0.5101,0.4677,0.4444,0.8,2021-05-26,2026-05-18,,
RADICO.NS,OK,5425,4340,1085,0.5152,0.5009,0.4929,2.8,2004-06-04,2026-05-18,,
RAJSREESUG.NS,OK,5673,4538,1135,0.5084,0.4551,0.4468,2.8,2003-06-19,2026-05-18,,
RALLIS.NS,OK,5675,4540,1135,0.5330,0.5175,0.4954,2.6,2003-06-19,2026-05-18,,
RAMCOIND.NS,OK,5676,4540,1136,0.5018,0.4688,0.4568,2.9,2003-06-19,2026-05-18,,
RBA.NS,OK,1088,870,218,0.5367,0.4773,0.5333,0.7,2021-12-21,2026-05-18,,
RATNAMANI.NS,OK,4689,3751,938,0.4712,0.4561,0.4674,2.6,2007-05-15,2026-05-18,,
RBLBANK.NS,OK,2146,1716,430,0.4558,0.4467,0.4333,1.3,2017-09-08,2026-05-18,,
REPCO.NS,FAILED,,,,,,,,,,No data returned,
REDINGTON.NS,OK,4496,3596,900,0.5022,0.4890,0.5169,2.4,2008-02-18,2026-05-18,,
RESPONIND.NS,OK,3580,2864,716,0.5056,0.4868,0.4802,2.1,2011-11-08,2026-05-18,,
RAYMOND.NS,OK,7370,5896,1474,0.5149,0.4935,0.4706,3.4,1996-12-18,2026-05-18,,
RKFORGE.NS,OK,5195,4156,1039,0.5322,0.5333,0.5389,2.6,2005-04-29,2026-05-18,,
RUPA.NS,OK,3310,2648,662,0.4864,0.4554,0.4785,1.8,2012-12-14,2026-05-18,,
SAFARI.NS,OK,1399,1119,280,0.4250,0.4008,0.3782,0.9,2020-09-17,2026-05-18,,
RUSHIL.NS,OK,3411,2728,683,0.5490,0.4612,0.5316,1.9,2012-07-16,2026-05-18,,
ROHLTD.NS,OK,4748,3798,950,0.5200,0.5122,0.5469,2.4,2007-02-13,2026-05-18,,
SARDA.NS,FAILED,,,,,,,,,,No data returned,
SAPPHIRE.NS,OK,859,687,172,0.4360,0.3961,0.4444,0.6,2022-11-24,2026-05-18,,
SALZERELEC.NS,OK,2331,1864,467,0.4904,0.4464,0.5000,1.4,2016-12-12,2026-05-18,,
SBFC.NS,OK,421,336,85,0.5294,0.4909,0.5476,0.3,2024-08-30,2026-05-18,,
SEPOWER.NS,FAILED,,,,,,,,,,No data returned,
SATIA.NS,OK,1437,1149,288,0.4826,0.4205,0.4177,0.9,2020-07-28,2026-05-18,,
SGXNIFTY.NS,FAILED,,,,,,,,,,No data returned,
SANOFI.NS,OK,5674,4539,1135,0.4846,0.4356,0.4176,2.7,2003-06-19,2026-05-18,,
SAREGAMA.NS,OK,5674,4539,1135,0.5057,0.4728,0.4770,2.7,2003-06-19,2026-05-18,,
SHAKTIPUMP.NS,OK,3337,2669,668,0.5853,0.5704,0.6250,1.8,2012-11-05,2026-05-18,,
SHARDACROP.NS,OK,2619,2095,524,0.5057,0.5347,0.6066,1.6,2015-10-06,2026-05-18,,
SHAREINDIA.NS,OK,1147,917,230,0.4696,0.3986,0.5882,0.8,2021-09-27,2026-05-18,,
SHYAMMETL.NS,OK,959,767,192,0.5208,0.5000,0.2800,0.7,2022-06-29,2026-05-18,,
SHANTIGEAR.NS,OK,5656,4524,1132,0.5256,0.5171,0.5400,2.9,2003-06-18,2026-05-18,,
SHREDIGCEM.NS,OK,1417,1133,284,0.5352,0.5030,0.5208,0.9,2020-08-26,2026-05-18,,
SKPMAR.NS,FAILED,,,,,,,,,,No data returned,
SMLISUZU.NS,FAILED,,,,,,,,,,No data returned,
SHILPAMED.NS,OK,3809,3047,762,0.5105,0.4846,0.4600,2.1,2010-12-07,2026-05-18,,
SOLARA.NS,OK,1695,1356,339,0.5015,0.4631,0.3659,1.1,2019-07-10,2026-05-18,,
SIGIND.NS,OK,2926,2340,586,0.4898,0.4479,0.4380,1.7,2014-06-18,2026-05-18,,
SNOWMAN.NS,OK,2627,2101,526,0.5190,0.4389,0.3750,1.5,2015-09-23,2026-05-18,,
SPANDANA.NS,OK,1417,1133,284,0.5845,0.5000,0.5556,0.9,2020-08-26,2026-05-18,,
SPTL.NS,OK,1456,1164,292,0.9178,0.7551,0.7551,0.8,2018-08-10,2024-07-11,,
SPECIALITY.NS,OK,3191,2552,639,0.5336,0.4717,0.4203,1.8,2013-06-07,2026-05-18,,
SONATSOFTW.NS,OK,5675,4540,1135,0.5110,0.4897,0.4887,2.9,2003-06-19,2026-05-18,,
SRINDLTH.NS,FAILED,,,,,,,,,,No data returned,
SOUTHBANK.NS,OK,6600,5280,1320,0.5371,0.4622,0.5094,3.3,1999-12-01,2026-05-18,,
STEELXIND.NS,OK,1928,1542,386,0.6244,0.7317,0.7500,1.2,2018-07-24,2026-05-18,,
SSWL.NS,OK,4916,3932,984,0.5163,0.4752,0.4897,2.7,2006-06-13,2026-05-18,,
STAR.NS,OK,5634,4507,1127,0.5306,0.5306,0.5415,3.0,2003-08-19,2026-05-18,,
STCINDIA.NS,OK,5480,4384,1096,0.5319,0.4919,0.5210,2.6,2004-03-18,2026-05-18,,
SUGIND.NS,FAILED,,,,,,,,,,No data returned,
SUKHJITS.NS,OK,617,493,124,0.4677,0.5455,0.5455,0.4,2023-11-13,2026-05-18,,
SUBROS.NS,OK,4889,3911,978,0.5153,0.4923,0.5175,2.5,2006-07-20,2026-05-18,,
STYRENIX.NS,OK,5644,4515,1129,0.5438,0.5065,0.4809,2.6,2003-07-31,2026-05-18,,
SUDARSCHEM.NS,OK,4936,3948,988,0.5071,0.4737,0.4645,2.7,2006-05-16,2026-05-18,,
SUULD.NS,OK,1599,1279,320,0.7625,0.4918,0.6098,0.9,2019-07-01,2026-01-23,,
SWSOLAR.NS,OK,1416,1132,284,0.5211,0.4604,0.5000,0.9,2020-08-27,2026-05-18,,
SURYAROSNI.NS,OK,5675,4540,1135,0.5048,0.4890,0.4717,3.0,2003-06-19,2026-05-18,,
TATAMETALI.NS,FAILED,,,,,,,,,,Only 1 rows (need 500),
TARSONS.NS,OK,854,683,171,0.4035,0.3856,0.3939,0.6,2022-12-01,2026-05-18,,
TCNSBRANDS.NS,FAILED,,,,,,,,,,No data returned,
SYMPHONY.NS,OK,3427,2741,686,0.4723,0.4414,0.4083,1.9,2012-06-22,2026-05-18,,
TCIEXP.NS,OK,2074,1659,415,0.4988,0.4484,0.4545,1.3,2017-12-19,2026-05-18,,
SYNCOMF.NS,OK,611,488,123,0.4553,0.4022,0.3846,0.5,2023-11-24,2026-05-18,,
TDPOWERSYS.NS,OK,3369,2695,674,0.5059,0.5146,0.4828,1.9,2012-09-14,2026-05-18,,
TINPLATE.NS,FAILED,,,,,,,,,,Only 1 rows (need 500),
TIPSINDLTD.NS,FAILED,,,,,,,,,,No data returned,
THYROCARE.NS,OK,2226,1780,446,0.5404,0.5202,0.5161,1.4,2017-05-16,2026-05-18,,
TMRVL.NS,FAILED,,,,,,,,,,No data returned,
TEXRAIL.NS,OK,5104,4083,1021,0.5201,0.5056,0.5733,2.6,2005-09-08,2026-05-18,,
TPLPLASTEH.NS,OK,2464,1971,493,0.5396,0.4727,0.4621,1.5,2016-05-27,2026-05-18,,
TRIL.NS,FAILED,,,,,,,,,,No data returned,
TREEHOUSE.NS,OK,3375,2700,675,0.5867,0.5607,0.6087,1.9,2012-09-05,2026-05-18,,
TIRUMALCHM.NS,OK,5675,4540,1135,0.5137,0.4824,0.4176,3.0,2003-06-18,2026-05-18,,
TNPETRO.NS,OK,5675,4540,1135,0.5225,0.4803,0.4410,2.8,2003-06-19,2026-05-18,,
TRIVENI.NS,OK,4787,3829,958,0.4875,0.4687,0.4684,2.4,2006-12-18,2026-05-18,,
